person_age,person_income,person_home_ownership,person_emp_length,loan_intent,loan_grade,loan_amnt,loan_int_rate,loan_percent_income,cb_person_default_on_file,cb_person_cred_hist_length,loan_status
22,59000,RENT,123.0,PERSONAL,D,35000,16.02,0.59,Y,3,1
21,9600,OWN,5.0,EDUCATION,B,1000,11.14,0.1,N,2,0
25,9600,MORTGAGE,1.0,MEDICAL,C,5500,12.87,0.57,N,3,1
23,65500,RENT,4.0,MEDICAL,C,35000,15.23,0.53,N,2,1
24,54400,RENT,8.0,MEDICAL,C,35000,14.27,0.55,Y,4,1
21,9900,OWN,2.0,VENTURE,A,2500,7.14,0.25,N,2,1
26,77100,RENT,8.0,EDUCATION,B,35000,12.42,0.45,N,3,1
24,78956,RENT,5.0,MEDICAL,B,35000,11.11,0.44,N,4,1
24,83000,RENT,8.0,PERSONAL,A,35000,8.9,0.42,N,2,1
21,10000,OWN,6.0,VENTURE,D,1600,14.74,0.16,N,3,1
22,85000,RENT,6.0,VENTURE,B,35000,10.37,0.41,N,4,1
21,10000,OWN,2.0,HOMEIMPROVEMENT,A,4500,8.63,0.45,N,2,1
23,95000,RENT,2.0,VENTURE,A,35000,7.9,0.37,N,2,1
26,108160,RENT,4.0,EDUCATION,E,35000,18.39,0.32,N,4,1
23,115000,RENT,2.0,EDUCATION,A,35000,7.9,0.3,N,4,0
23,500000,MORTGAGE,7.0,DEBTCONSOLIDATION,B,30000,10.65,0.06,N,3,0
23,120000,RENT,0.0,EDUCATION,A,35000,7.9,0.29,N,4,0
23,92111,RENT,7.0,MEDICAL,F,35000,20.25,0.32,N,4,1
23,113000,RENT,8.0,DEBTCONSOLIDATION,D,35000,18.25,0.31,N,4,1
24,10800,MORTGAGE,8.0,EDUCATION,B,1750,10.99,0.16,N,2,1
25,162500,RENT,2.0,VENTURE,A,35000,7.49,0.22,N,4,0
25,137000,RENT,9.0,PERSONAL,E,34800,16.77,0.25,Y,2,0
22,65000,RENT,4.0,EDUCATION,D,34000,17.58,0.52,N,4,1
24,10980,OWN,0.0,PERSONAL,A,1500,7.29,0.14,N,3,0
22,80000,RENT,3.0,PERSONAL,D,33950,14.54,0.42,Y,4,1
24,67746,RENT,8.0,HOMEIMPROVEMENT,C,33000,12.68,0.49,N,3,1
21,11000,MORTGAGE,3.0,VENTURE,E,4575,17.74,0.42,Y,3,1
23,11000,OWN,0.0,PERSONAL,A,1400,9.32,0.13,N,3,0
24,65000,RENT,6.0,HOMEIMPROVEMENT,B,32500,9.99,0.5,N,3,1
21,11389,OTHER,5.0,EDUCATION,C,4000,12.84,0.35,Y,2,1
21,11520,OWN,5.0,MEDICAL,B,2000,11.12,0.17,N,3,1
25,120000,RENT,2.0,VENTURE,A,32000,6.62,0.27,N,2,0
26,95000,RENT,7.0,HOMEIMPROVEMENT,C,31050,14.17,0.33,Y,3,1
25,306000,RENT,2.0,DEBTCONSOLIDATION,C,24250,13.85,0.08,N,3,0
26,300000,MORTGAGE,10.0,MEDICAL,C,7800,13.49,0.03,N,4,0
21,12000,OWN,5.0,EDUCATION,A,2500,7.51,0.21,N,4,1
22,48000,RENT,1.0,EDUCATION,E,30000,18.39,0.63,N,2,1
24,64000,RENT,8.0,DEBTCONSOLIDATION,D,30000,14.54,0.47,Y,3,1
25,75000,RENT,4.0,HOMEIMPROVEMENT,D,30000,16.89,0.4,Y,4,1
23,71500,RENT,3.0,DEBTCONSOLIDATION,D,30000,,0.42,N,4,1
26,62050,RENT,6.0,MEDICAL,E,30000,17.99,0.41,N,2,1
24,12000,OWN,4.0,VENTURE,B,2500,12.69,0.21,N,3,1
26,300000,MORTGAGE,10.0,VENTURE,A,20000,7.88,0.07,N,4,0
23,300000,OWN,1.0,EDUCATION,F,24250,19.41,0.08,Y,2,0
26,300000,OWN,9.0,HOMEIMPROVEMENT,B,10000,10.38,0.03,N,4,0
26,300000,MORTGAGE,0.0,EDUCATION,D,25000,15.33,0.08,N,3,0
25,300000,MORTGAGE,9.0,HOMEIMPROVEMENT,E,18000,16.45,0.06,N,3,0
26,80690,RENT,8.0,PERSONAL,A,30000,7.49,0.37,N,3,1
22,66300,RENT,4.0,MEDICAL,B,30000,12.69,0.38,N,3,1
26,89028,RENT,0.0,DEBTCONSOLIDATION,A,30000,6.62,0.34,N,3,1
24,78000,RENT,4.0,DEBTCONSOLIDATION,D,30000,,0.38,Y,4,1
23,78000,RENT,7.0,DEBTCONSOLIDATION,F,30000,18.62,0.38,Y,3,1
23,92004,RENT,6.0,PERSONAL,C,30000,15.23,0.33,Y,3,1
23,97000,RENT,7.0,VENTURE,B,30000,10.65,0.31,N,2,1
25,120000,RENT,9.0,EDUCATION,A,30000,7.9,0.25,N,4,0
26,280000,RENT,4.0,PERSONAL,C,10000,15.96,0.04,Y,3,0
26,277104,RENT,0.0,VENTURE,B,20000,11.48,0.07,N,3,0
23,277000,OWN,3.0,PERSONAL,A,35000,,0.13,N,4,0
25,128000,RENT,9.0,PERSONAL,A,30000,7.29,0.23,N,4,0
24,12000,OWN,2.0,VENTURE,E,1750,,0.15,Y,3,0
21,131000,RENT,0.0,VENTURE,A,30000,5.99,0.23,N,4,0
22,275000,OWN,6.0,VENTURE,B,12000,11.58,0.04,N,2,0
26,263000,MORTGAGE,0.0,EDUCATION,B,10000,,0.04,N,4,1
25,221850,MORTGAGE,9.0,MEDICAL,D,25000,15.7,0.1,N,2,1
22,70000,RENT,6.0,EDUCATION,D,29100,15.99,0.42,N,3,1
22,12000,MORTGAGE,7.0,EDUCATION,D,1500,14.84,0.13,Y,3,0
26,260000,OWN,10.0,HOMEIMPROVEMENT,B,28000,10.99,0.11,N,3,0
25,259000,MORTGAGE,9.0,HOMEIMPROVEMENT,D,20000,14.42,0.08,Y,2,0
24,255000,MORTGAGE,9.0,EDUCATION,A,9600,6.99,0.04,N,2,0
25,250000,RENT,2.0,MEDICAL,C,25000,13.49,0.1,N,4,0
25,12000,OWN,0.0,MEDICAL,C,3000,,0.25,N,3,1
22,56950,RENT,6.0,MEDICAL,A,28000,,0.49,N,2,1
21,12000,OWN,6.0,EDUCATION,C,3000,13.61,0.25,Y,3,1
23,65000,RENT,2.0,EDUCATION,A,28000,7.9,0.43,N,2,1
26,85000,RENT,2.0,VENTURE,A,28000,7.49,0.33,N,3,1
26,12000,OWN,2.0,EDUCATION,A,6100,7.51,0.51,N,3,1
22,88000,RENT,6.0,VENTURE,B,28000,9.91,0.32,N,3,1
21,12000,OWN,0.0,PERSONAL,C,4200,13.48,0.35,Y,4,1
22,12000,OWN,6.0,DEBTCONSOLIDATION,A,4750,7.14,0.4,N,2,1
24,83004,RENT,0.0,VENTURE,D,28000,15.99,0.34,Y,4,1
24,250000,RENT,2.0,EDUCATION,C,18000,12.98,0.07,Y,3,0
144,250000,RENT,4.0,VENTURE,C,4800,13.57,0.02,N,3,0
25,100000,RENT,5.0,DEBTCONSOLIDATION,B,28000,12.69,0.28,N,3,0
26,110000,RENT,10.0,EDUCATION,A,28000,8.9,0.25,N,2,0
26,12000,OWN,0.0,DEBTCONSOLIDATION,A,2700,,0.23,N,4,1
22,108000,RENT,6.0,EDUCATION,B,28000,,0.26,N,4,1
23,151200,RENT,7.0,DEBTCONSOLIDATION,B,28000,11.11,0.19,N,2,0
24,69000,RENT,2.0,HOMEIMPROVEMENT,A,27600,,0.4,N,2,1
21,12000,MORTGAGE,5.0,DEBTCONSOLIDATION,E,3250,15.68,0.27,Y,3,1
22,70000,RENT,4.0,EDUCATION,C,27500,13.06,0.39,Y,3,1
22,240000,OWN,6.0,PERSONAL,B,25000,,0.1,N,2,0
26,73200,RENT,5.0,VENTURE,D,27050,15.62,0.37,Y,2,1
24,83000,RENT,5.0,PERSONAL,C,27000,13.49,0.33,Y,2,1
24,73399,RENT,0.0,VENTURE,D,27000,,0.37,N,3,1
23,62500,RENT,7.0,MEDICAL,B,26000,11.71,0.42,N,2,1
23,120000,RENT,1.0,EDUCATION,B,25600,12.69,0.21,N,3,0
24,12360,OWN,2.0,MEDICAL,C,1600,13.57,0.13,N,3,0
22,60000,RENT,0.0,VENTURE,B,25475,10.99,0.42,N,3,1
25,234000,MORTGAGE,3.0,MEDICAL,C,20000,14.27,0.09,Y,4,0
24,234000,OWN,8.0,HOMEIMPROVEMENT,B,20000,8.88,0.09,N,4,0
26,234000,MORTGAGE,10.0,HOMEIMPROVEMENT,B,21600,12.18,0.09,N,3,0
25,221004,MORTGAGE,6.0,DEBTCONSOLIDATION,D,11900,14.42,0.05,Y,3,1
26,232500,MORTGAGE,0.0,MEDICAL,C,25000,14.17,0.11,Y,2,0
25,230000,MORTGAGE,5.0,MEDICAL,C,35000,13.99,0.15,N,4,0
23,83000,RENT,7.0,EDUCATION,B,25300,10.99,0.3,N,3,1
22,12600,MORTGAGE,,PERSONAL,A,2000,5.42,0.16,N,4,1
25,12600,OWN,3.0,PERSONAL,C,1750,13.61,0.14,N,3,0
21,42500,RENT,3.0,EDUCATION,C,25000,12.73,0.59,Y,3,1
24,41000,RENT,2.0,HOMEIMPROVEMENT,D,25000,,0.61,N,3,1
25,12816,OWN,0.0,DEBTCONSOLIDATION,C,3000,12.87,0.23,Y,4,1
24,12960,MORTGAGE,1.0,HOMEIMPROVEMENT,B,3650,9.91,0.28,N,3,1
26,226000,MORTGAGE,4.0,HOMEIMPROVEMENT,B,20000,11.49,0.09,N,4,0
25,225000,MORTGAGE,0.0,HOMEIMPROVEMENT,E,30000,19.91,0.13,Y,2,0
26,213000,MORTGAGE,6.0,EDUCATION,B,35000,10.65,0.16,N,2,1
24,225000,RENT,0.0,MEDICAL,B,6000,,0.03,N,4,0
24,12960,MORTGAGE,0.0,DEBTCONSOLIDATION,B,4500,11.83,0.35,N,4,1
23,12996,OWN,0.0,DEBTCONSOLIDATION,C,2400,13.49,0.18,Y,2,1
22,42000,RENT,6.0,MEDICAL,D,25000,14.59,0.6,Y,2,1
26,48000,RENT,2.0,EDUCATION,B,25000,9.64,0.52,N,4,1
25,12996,OWN,1.0,MEDICAL,D,3600,14.59,0.28,N,3,1
22,12996,OWN,1.0,EDUCATION,B,4750,,0.37,N,3,1
25,42360,RENT,1.0,EDUCATION,E,25000,16.35,0.59,Y,3,1
21,49000,RENT,4.0,EDUCATION,B,25000,10.99,0.51,N,2,1
25,225000,MORTGAGE,0.0,VENTURE,F,25000,18.67,0.11,N,2,0
26,225000,RENT,1.0,EDUCATION,A,3000,9.32,0.01,N,4,0
23,225000,RENT,8.0,DEBTCONSOLIDATION,A,7500,8.63,0.03,N,2,0
26,225000,MORTGAGE,2.0,VENTURE,B,25000,10.08,0.11,N,2,0
22,49464,RENT,5.0,PERSONAL,B,25000,11.83,0.51,N,3,1
23,50000,RENT,1.0,DEBTCONSOLIDATION,A,25000,7.9,0.5,N,3,1
25,50000,RENT,4.0,HOMEIMPROVEMENT,A,25000,5.99,0.5,N,2,1
24,44000,RENT,2.0,DEBTCONSOLIDATION,D,25000,15.33,0.57,N,2,1
23,50000,RENT,1.0,VENTURE,B,25000,11.83,0.5,N,4,1
22,50004,RENT,0.0,VENTURE,B,25000,10.36,0.5,N,2,1
22,50004,RENT,3.0,VENTURE,C,25000,12.23,0.5,N,3,1
22,52000,RENT,2.0,EDUCATION,B,25000,11.11,0.48,N,4,1
23,13200,OWN,3.0,DEBTCONSOLIDATION,A,4950,7.9,0.38,N,4,1
24,220000,MORTGAGE,1.0,EDUCATION,B,25000,11.58,0.11,N,2,0
23,216000,MORTGAGE,5.0,DEBTCONSOLIDATION,A,21000,8.9,0.1,N,3,0
25,216000,MORTGAGE,2.0,EDUCATION,D,25000,16.07,0.12,N,3,0
26,216000,MORTGAGE,10.0,EDUCATION,C,20000,14.22,0.09,Y,2,0
23,215000,MORTGAGE,7.0,MEDICAL,C,35000,14.79,0.16,Y,3,0
26,215000,MORTGAGE,11.0,EDUCATION,A,12000,7.88,0.06,N,2,0
23,52000,RENT,1.0,PERSONAL,C,25000,13.22,0.48,N,2,1
26,46000,RENT,2.0,DEBTCONSOLIDATION,D,25000,11.86,0.54,N,4,1
22,53000,RENT,5.0,EDUCATION,C,25000,13.43,0.47,Y,4,1
26,47000,RENT,0.0,HOMEIMPROVEMENT,D,25000,15.28,0.53,Y,2,1
23,47000,RENT,1.0,VENTURE,E,25000,17.93,0.53,N,2,1
23,13200,MORTGAGE,2.0,EDUCATION,B,1400,9.25,0.11,N,4,0
21,13200,OWN,0.0,VENTURE,C,4500,12.98,0.34,N,4,1
22,210000,MORTGAGE,6.0,VENTURE,B,16000,10.62,0.08,N,4,0
26,210000,OWN,10.0,PERSONAL,B,22000,11.83,0.1,N,4,0
26,48000,RENT,5.0,VENTURE,F,25000,18.43,0.52,N,2,1
22,54996,RENT,6.0,EDUCATION,B,25000,,0.45,N,4,1
24,55000,RENT,4.0,HOMEIMPROVEMENT,D,25000,,0.45,Y,4,1
23,55000,RENT,4.0,EDUCATION,B,25000,11.36,0.45,N,3,1
23,55000,RENT,4.0,EDUCATION,D,25000,15.65,0.45,Y,3,1
24,55164,RENT,8.0,PERSONAL,C,25000,13.22,0.45,Y,4,1
26,56000,RENT,4.0,DEBTCONSOLIDATION,C,25000,12.87,0.45,N,2,1
24,203500,OWN,8.0,MEDICAL,C,20000,13.04,0.1,N,3,0
23,190000,MORTGAGE,5.0,EDUCATION,F,22000,17.58,0.12,Y,3,1
23,13920,OWN,2.0,PERSONAL,E,7750,17.04,0.56,N,4,1
24,60000,RENT,0.0,PERSONAL,B,25000,10.99,0.42,N,3,1
24,60000,RENT,2.0,PERSONAL,B,25000,11.11,0.42,N,3,1
26,54000,RENT,7.0,DEBTCONSOLIDATION,D,25000,14.83,0.46,Y,2,1
23,14000,OWN,2.0,DEBTCONSOLIDATION,D,4000,,0.29,N,3,1
24,200000,RENT,8.0,MEDICAL,B,12000,12.69,0.06,N,2,0
24,200000,MORTGAGE,8.0,HOMEIMPROVEMENT,C,12000,13.49,0.06,N,2,0
21,200000,MORTGAGE,5.0,EDUCATION,C,16000,14.65,0.08,N,4,0
25,54000,RENT,3.0,HOMEIMPROVEMENT,E,25000,16.82,0.46,N,4,1
23,60000,RENT,3.0,PERSONAL,C,25000,12.73,0.42,N,3,1
23,60000,RENT,7.0,PERSONAL,B,25000,10.25,0.42,N,4,1
21,60000,RENT,6.0,EDUCATION,B,25000,10.99,0.42,N,4,1
25,61959,RENT,9.0,MEDICAL,C,25000,12.73,0.4,N,2,1
22,56400,RENT,2.0,HOMEIMPROVEMENT,D,25000,14.96,0.44,Y,3,1
23,200000,MORTGAGE,7.0,EDUCATION,A,28000,,0.14,N,2,0
21,200000,MORTGAGE,2.0,DEBTCONSOLIDATION,C,25000,13.99,0.13,N,2,0
24,200000,MORTGAGE,3.0,VENTURE,A,24000,7.49,0.12,N,4,0
26,200000,MORTGAGE,4.0,EDUCATION,C,15000,14.79,0.07,N,3,0
25,200000,MORTGAGE,2.0,DEBTCONSOLIDATION,B,15500,11.99,0.08,N,2,0
24,200000,RENT,8.0,EDUCATION,A,10000,8.49,0.05,N,4,0
24,66000,RENT,3.0,EDUCATION,B,25000,9.91,0.38,N,2,1
22,66000,RENT,6.0,EDUCATION,C,25000,13.06,0.38,Y,3,1
22,200000,MORTGAGE,6.0,DEBTCONSOLIDATION,A,9000,6.17,0.04,N,4,0
144,200000,MORTGAGE,4.0,EDUCATION,B,6000,11.86,0.03,N,2,0
25,200000,RENT,5.0,EDUCATION,D,18000,16.32,0.09,N,3,0
25,200000,MORTGAGE,2.0,VENTURE,B,12000,10.38,0.06,N,2,0
25,200000,MORTGAGE,9.0,PERSONAL,C,23050,14.35,0.12,N,3,0
24,200000,MORTGAGE,8.0,DEBTCONSOLIDATION,B,20000,,0.1,N,3,0
24,60000,RENT,2.0,DEBTCONSOLIDATION,E,25000,,0.42,Y,2,1
21,14400,OWN,0.0,HOMEIMPROVEMENT,B,3000,,0.21,N,4,1
26,66996,RENT,10.0,PERSONAL,D,25000,15.21,0.37,Y,2,1
23,67000,RENT,3.0,EDUCATION,A,25000,7.9,0.37,N,4,1
24,67000,RENT,2.0,VENTURE,B,25000,10.99,0.37,N,3,1
24,68000,RENT,5.0,PERSONAL,D,25000,14.09,0.37,Y,3,1
25,69000,RENT,9.0,PERSONAL,D,25000,17.49,0.36,N,2,1
25,200000,MORTGAGE,0.0,EDUCATION,B,12000,11.48,0.06,N,3,0
26,188000,MORTGAGE,10.0,VENTURE,E,20000,17.74,0.11,N,2,1
26,200000,MORTGAGE,4.0,PERSONAL,C,3000,13.92,0.01,N,3,0
25,69996,RENT,9.0,EDUCATION,D,25000,15.21,0.36,N,3,1
22,14400,OWN,2.0,MEDICAL,B,4000,10.99,0.28,N,3,1
24,70000,RENT,3.0,EDUCATION,B,25000,11.86,0.36,N,4,1
24,14400,OWN,5.0,PERSONAL,A,6000,7.49,0.42,N,3,1
24,56100,RENT,7.0,MEDICAL,D,25000,16.49,0.38,N,4,1
25,66000,RENT,9.0,VENTURE,D,25000,15.33,0.38,Y,2,1
26,66000,RENT,3.0,HOMEIMPROVEMENT,B,25000,11.58,0.38,N,4,1
25,14400,OWN,7.0,EDUCATION,A,5375,5.79,0.37,N,2,1
25,72612,RENT,9.0,MEDICAL,C,25000,13.11,0.34,N,2,1
23,74000,RENT,3.0,MEDICAL,B,25000,10.36,0.34,N,3,1
25,75000,RENT,9.0,DEBTCONSOLIDATION,B,25000,10.36,0.33,N,2,1
24,192000,RENT,0.0,MEDICAL,C,22000,,0.11,Y,2,0
21,192000,MORTGAGE,123.0,VENTURE,A,20000,6.54,0.1,N,4,0
25,191000,MORTGAGE,1.0,MEDICAL,B,10000,12.53,0.05,N,4,0
26,190300,MORTGAGE,5.0,PERSONAL,A,15000,,0.08,N,3,0
22,190000,MORTGAGE,3.0,VENTURE,C,10000,,0.05,N,3,0
24,75000,RENT,4.0,EDUCATION,B,25000,10.25,0.33,N,4,1
22,71000,RENT,1.0,EDUCATION,D,25000,15.95,0.35,Y,4,1
26,190000,MORTGAGE,3.0,VENTURE,B,20000,12.18,0.11,N,4,0
23,189996,OWN,0.0,PERSONAL,B,24000,11.83,0.13,N,3,0
23,78000,RENT,7.0,DEBTCONSOLIDATION,C,25000,,0.32,Y,2,1
23,78000,RENT,1.0,VENTURE,B,25000,10.62,0.32,N,3,1
23,78504,RENT,7.0,VENTURE,B,25000,10.74,0.32,N,3,1
25,186000,OWN,9.0,VENTURE,B,10000,10.25,0.05,N,4,0
24,185000,MORTGAGE,,EDUCATION,B,35000,12.42,0.19,N,2,0
25,185000,RENT,6.0,VENTURE,C,15000,15.27,0.08,N,2,0
24,62050,RENT,8.0,MEDICAL,D,25000,15.33,0.34,Y,2,1
23,79416,RENT,7.0,VENTURE,D,25000,15.21,0.31,Y,2,1
21,14400,OWN,4.0,VENTURE,C,6250,14.72,0.43,N,2,1
24,79631,RENT,8.0,PERSONAL,D,25000,15.7,0.31,Y,2,1
24,79632,RENT,0.0,EDUCATION,C,25000,13.35,0.31,N,4,1
21,14400,MORTGAGE,0.0,MEDICAL,C,1500,,0.1,N,4,0
24,80000,RENT,6.0,EDUCATION,A,25000,6.62,0.31,N,2,1
26,80000,RENT,5.0,DEBTCONSOLIDATION,C,25000,13.61,0.31,N,4,1
22,185000,RENT,4.0,MEDICAL,B,25000,11.36,0.14,N,2,0
26,185000,OWN,10.0,PERSONAL,A,5000,7.68,0.03,N,2,0
24,184992,RENT,7.0,HOMEIMPROVEMENT,D,22000,14.46,0.12,Y,4,0
23,184000,OWN,5.0,EDUCATION,B,2500,11.83,0.01,N,2,0
24,172000,MORTGAGE,6.0,DEBTCONSOLIDATION,C,20000,13.47,0.12,Y,4,1
24,183000,MORTGAGE,2.0,MEDICAL,B,20000,11.49,0.11,N,3,0
22,183000,MORTGAGE,3.0,EDUCATION,A,1000,,0.01,N,2,0
25,182952,MORTGAGE,9.0,PERSONAL,A,15000,6.03,0.08,N,3,0
23,74004,RENT,7.0,DEBTCONSOLIDATION,E,25000,16.35,0.34,N,4,1
26,74004,RENT,10.0,DEBTCONSOLIDATION,D,25000,,0.34,Y,4,1
25,81000,RENT,5.0,DEBTCONSOLIDATION,A,25000,7.29,0.31,N,3,1
23,81600,RENT,1.0,MEDICAL,B,25000,11.36,0.31,N,3,1
24,82000,RENT,8.0,VENTURE,B,25000,10.25,0.3,N,2,0
24,83000,RENT,5.0,EDUCATION,B,25000,11.12,0.3,N,3,0
24,83000,RENT,5.0,PERSONAL,D,25000,12.92,0.3,Y,3,0
24,180000,RENT,8.0,EDUCATION,E,18000,18.64,0.1,Y,4,0
23,180000,MORTGAGE,8.0,PERSONAL,A,28000,7.51,0.16,N,3,0
23,14400,OWN,2.0,HOMEIMPROVEMENT,E,4000,16.7,0.28,N,2,1
22,14400,OWN,0.0,PERSONAL,B,2100,11.14,0.15,N,4,0
22,84500,RENT,6.0,PERSONAL,F,25000,18.3,0.3,N,4,0
24,85000,RENT,5.0,MEDICAL,B,25000,10.62,0.29,N,4,0
24,180000,MORTGAGE,7.0,VENTURE,B,14000,11.99,0.08,N,2,0
26,180000,MORTGAGE,2.0,VENTURE,B,12000,9.63,0.07,N,4,0
25,142800,MORTGAGE,9.0,MEDICAL,F,10000,18.25,0.06,N,4,1
23,14664,MORTGAGE,0.0,DEBTCONSOLIDATION,C,6000,,0.41,N,4,1
24,87000,RENT,8.0,HOMEIMPROVEMENT,D,25000,14.84,0.29,N,3,0
24,75000,RENT,0.0,VENTURE,E,25000,14.7,0.33,Y,3,1
23,76000,RENT,7.0,DEBTCONSOLIDATION,D,25000,16.02,0.33,N,4,1
23,66215,RENT,1.0,MEDICAL,D,25000,15.37,0.32,Y,2,1
25,90000,RENT,9.0,MEDICAL,B,25000,10.99,0.28,N,4,0
21,15000,OWN,0.0,HOMEIMPROVEMENT,A,6200,7.9,0.41,N,2,1
26,180000,OWN,2.0,PERSONAL,B,25000,10.99,0.14,N,4,0
24,180000,OWN,8.0,EDUCATION,B,21000,11.48,0.12,N,3,0
25,180000,OWN,9.0,MEDICAL,C,20000,14.26,0.11,Y,4,0
26,180000,OWN,0.0,HOMEIMPROVEMENT,A,10000,8.0,0.06,N,4,0
25,180000,MORTGAGE,3.0,VENTURE,B,9950,11.26,0.06,N,2,0
23,15000,OWN,7.0,MEDICAL,B,4475,,0.3,N,4,1
23,78000,RENT,2.0,VENTURE,D,25000,16.32,0.32,Y,3,1
25,66300,RENT,3.0,MEDICAL,E,25000,17.93,0.32,Y,4,1
23,90000,RENT,0.0,DEBTCONSOLIDATION,B,25000,11.36,0.28,N,3,0
24,79000,RENT,9.0,DEBTCONSOLIDATION,D,25000,14.96,0.32,Y,4,1
24,91800,RENT,4.0,PERSONAL,C,25000,13.43,0.27,Y,3,0
25,92000,RENT,6.0,HOMEIMPROVEMENT,B,25000,12.69,0.27,N,3,0
24,92000,RENT,1.0,VENTURE,C,25000,12.73,0.27,Y,4,0
23,93600,RENT,3.0,VENTURE,D,25000,15.21,0.27,N,4,0
23,15000,MORTGAGE,1.0,MEDICAL,C,1750,12.68,0.12,Y,3,0
23,70550,RENT,3.0,MEDICAL,F,25000,19.04,0.3,Y,4,1
25,83800,RENT,2.0,DEBTCONSOLIDATION,D,25000,15.95,0.3,Y,3,1
26,175000,MORTGAGE,3.0,VENTURE,A,2600,8.9,0.01,N,4,0
25,175000,MORTGAGE,10.0,HOMEIMPROVEMENT,A,8000,7.9,0.05,N,2,0
22,175000,MORTGAGE,6.0,EDUCATION,B,18000,,0.1,N,2,0
23,175000,MORTGAGE,8.0,PERSONAL,B,21000,11.99,0.12,N,3,0
23,15000,OWN,4.0,DEBTCONSOLIDATION,C,4000,13.98,0.27,N,4,1
23,15000,OWN,4.0,VENTURE,B,4600,10.99,0.31,N,2,1
22,88000,RENT,6.0,DEBTCONSOLIDATION,D,25000,15.58,0.28,Y,2,1
25,74800,RENT,2.0,MEDICAL,B,25000,10.99,0.28,N,2,1
25,88000,RENT,0.0,VENTURE,D,25000,14.96,0.28,N,4,1
25,15000,OWN,2.0,HOMEIMPROVEMENT,D,1750,15.31,0.12,Y,4,0
26,88000,RENT,2.0,VENTURE,D,25000,15.65,0.28,N,3,1
25,100000,RENT,1.0,VENTURE,B,25000,9.33,0.25,N,4,0
23,15000,MORTGAGE,0.0,PERSONAL,C,3600,13.47,0.24,N,4,1
24,102400,RENT,8.0,PERSONAL,B,25000,10.36,0.24,N,3,0
24,92000,RENT,1.0,HOMEIMPROVEMENT,E,25000,16.77,0.27,Y,4,1
23,93000,RENT,0.0,DEBTCONSOLIDATION,D,25000,14.59,0.27,Y,2,1
22,175000,RENT,6.0,VENTURE,C,3500,11.91,0.02,Y,2,0
23,175000,MORTGAGE,3.0,EDUCATION,A,7200,8.38,0.04,N,3,0
25,174708,RENT,9.0,VENTURE,B,9000,10.59,0.05,N,3,0
25,174000,MORTGAGE,2.0,DEBTCONSOLIDATION,C,8800,14.27,0.05,N,3,0
26,174000,RENT,8.0,DEBTCONSOLIDATION,B,12000,12.53,0.07,N,4,0
25,162000,MORTGAGE,5.0,DEBTCONSOLIDATION,E,25000,16.0,0.15,Y,3,1
26,173467,MORTGAGE,10.0,VENTURE,B,10000,11.71,0.06,N,4,0
21,15000,OWN,0.0,HOMEIMPROVEMENT,C,3175,11.54,0.21,Y,3,1
25,96000,RENT,2.0,HOMEIMPROVEMENT,E,25000,15.68,0.26,Y,4,1
21,15120,MORTGAGE,0.0,EDUCATION,B,1500,10.59,0.1,N,2,0
24,97908,RENT,8.0,HOMEIMPROVEMENT,D,25000,12.61,0.26,Y,2,1
26,110000,RENT,3.0,PERSONAL,C,25000,,0.23,Y,2,0
23,15204,MORTGAGE,7.0,PERSONAL,A,2800,8.49,0.18,N,3,1
25,159600,RENT,0.0,PERSONAL,D,30000,17.27,0.19,Y,4,1
24,171500,RENT,6.0,DEBTCONSOLIDATION,A,18000,8.9,0.1,N,4,0
25,170004,MORTGAGE,3.0,MEDICAL,B,10000,11.11,0.06,N,4,0
24,158004,RENT,0.0,HOMEIMPROVEMENT,D,25000,14.59,0.16,Y,2,1
26,170000,RENT,0.0,VENTURE,B,13000,12.42,0.08,N,3,0
24,83300,RENT,0.0,MEDICAL,D,25000,,0.26,N,2,1
24,110000,RENT,7.0,HOMEIMPROVEMENT,D,25000,15.7,0.23,Y,2,0
22,15360,OWN,7.0,HOMEIMPROVEMENT,B,2500,12.53,0.16,N,3,1
25,134300,RENT,3.0,MEDICAL,D,5000,16.49,0.03,N,2,1
25,170000,MORTGAGE,2.0,EDUCATION,A,20000,7.49,0.12,N,2,0
22,100580,RENT,6.0,DEBTCONSOLIDATION,D,25000,14.96,0.25,Y,2,1
25,113000,RENT,7.0,MEDICAL,C,25000,12.73,0.22,Y,4,0
24,120000,RENT,8.0,EDUCATION,B,25000,10.65,0.21,N,4,0
25,120000,RENT,6.0,MEDICAL,B,25000,10.74,0.21,N,2,0
23,120000,RENT,7.0,EDUCATION,B,25000,9.99,0.21,N,2,0
24,91800,RENT,5.0,MEDICAL,D,25000,15.33,0.23,Y,2,1
21,15600,OWN,5.0,VENTURE,A,1000,7.29,0.06,N,4,0
26,108000,RENT,2.0,PERSONAL,D,25000,15.05,0.23,N,3,1
26,129996,RENT,6.0,PERSONAL,B,25000,10.75,0.19,N,3,0
23,130000,RENT,4.0,EDUCATION,D,25000,16.02,0.19,Y,2,0
23,130000,RENT,7.0,VENTURE,B,25000,11.49,0.19,N,4,0
25,170000,OWN,4.0,EDUCATION,B,20000,12.53,0.12,N,4,0
26,170000,MORTGAGE,0.0,VENTURE,C,12000,13.57,0.07,Y,2,0
22,169000,RENT,1.0,PERSONAL,B,14000,11.14,0.08,N,3,0
26,168750,RENT,10.0,MEDICAL,C,24250,12.87,0.14,Y,3,0
23,168600,RENT,3.0,EDUCATION,B,20000,11.58,0.12,N,3,0
24,168288,RENT,5.0,HOMEIMPROVEMENT,B,1800,11.12,0.01,N,3,0
25,168000,MORTGAGE,2.0,PERSONAL,B,35000,10.65,0.21,N,2,0
24,133300,RENT,6.0,DEBTCONSOLIDATION,B,25000,10.37,0.19,N,2,0
24,15600,OWN,5.0,HOMEIMPROVEMENT,A,3300,6.39,0.21,N,4,1
24,134000,RENT,8.0,PERSONAL,D,25000,16.07,0.19,Y,3,0
25,134000,RENT,7.0,MEDICAL,B,25000,10.62,0.19,N,2,0
25,15600,OWN,0.0,VENTURE,F,3200,18.09,0.21,N,2,1
25,135000,RENT,5.0,EDUCATION,B,25000,11.36,0.19,N,4,0
26,135660,RENT,10.0,DEBTCONSOLIDATION,B,25000,12.53,0.18,N,4,0
25,145000,RENT,0.0,EDUCATION,B,25000,9.99,0.17,N,4,0
23,150000,RENT,4.0,EDUCATION,B,25000,10.36,0.17,N,3,0
23,165000,MORTGAGE,3.0,EDUCATION,A,9600,5.99,0.06,N,3,0
22,153000,MORTGAGE,5.0,DEBTCONSOLIDATION,D,24000,15.62,0.16,Y,2,1
24,165000,MORTGAGE,5.0,PERSONAL,B,20000,10.37,0.12,N,4,0
25,165000,MORTGAGE,0.0,HOMEIMPROVEMENT,F,25000,19.74,0.15,N,4,0
21,165000,MORTGAGE,5.0,EDUCATION,A,20000,6.91,0.12,N,4,0
23,16000,OWN,7.0,MEDICAL,A,6000,7.9,0.38,N,2,1
23,16000,MORTGAGE,3.0,DEBTCONSOLIDATION,C,2275,13.06,0.14,Y,4,0
23,16000,OWN,7.0,PERSONAL,A,2000,6.39,0.13,N,3,0
23,148000,RENT,1.0,DEBTCONSOLIDATION,E,25000,14.93,0.17,N,3,1
23,16000,MORTGAGE,1.0,MEDICAL,C,5600,12.84,0.35,N,4,1
24,16020,OWN,3.0,VENTURE,E,3625,17.14,0.23,Y,2,1
22,16094,MORTGAGE,2.0,VENTURE,A,5500,7.14,0.34,N,3,1
25,175000,RENT,2.0,PERSONAL,A,25000,8.9,0.14,N,2,0
22,16200,OWN,6.0,PERSONAL,B,2000,12.42,0.12,N,3,0
24,185000,RENT,7.0,HOMEIMPROVEMENT,C,25000,12.68,0.14,Y,2,0
25,162000,RENT,9.0,PERSONAL,C,25000,11.03,0.15,N,2,0
26,161000,RENT,10.0,VENTURE,A,30000,7.9,0.19,N,4,0
22,160000,MORTGAGE,0.0,MEDICAL,B,35000,10.65,0.22,N,4,0
25,225000,RENT,5.0,VENTURE,B,25000,11.86,0.11,N,4,0
25,16400,OWN,1.0,PERSONAL,A,5000,8.94,0.3,N,4,1
23,16500,OWN,6.0,VENTURE,B,4375,9.63,0.27,N,4,1
25,49500,RENT,6.0,PERSONAL,C,24750,14.22,0.5,N,3,1
23,60000,RENT,4.0,DEBTCONSOLIDATION,B,24750,9.33,0.41,N,3,1
24,84200,RENT,8.0,MEDICAL,C,24500,13.85,0.29,N,4,0
22,16800,MORTGAGE,5.0,EDUCATION,B,2000,10.65,0.12,N,2,0
24,92000,RENT,8.0,MEDICAL,B,24500,11.46,0.27,N,4,0
23,160000,MORTGAGE,5.0,PERSONAL,A,35000,7.66,0.22,N,2,0
24,160000,MORTGAGE,9.0,VENTURE,E,12000,16.77,0.07,N,4,0
25,160000,MORTGAGE,1.0,PERSONAL,B,12000,9.63,0.07,N,4,0
26,160000,RENT,6.0,PERSONAL,C,25000,12.23,0.16,Y,4,0
25,125800,MORTGAGE,0.0,MEDICAL,D,10000,14.09,0.07,N,4,1
25,54000,RENT,2.0,PERSONAL,C,24250,13.98,0.45,N,4,1
23,62500,RENT,1.0,EDUCATION,B,24250,10.62,0.39,N,4,1
24,16800,MORTGAGE,,DEBTCONSOLIDATION,A,3900,,0.23,N,3,1
25,68400,RENT,9.0,PERSONAL,E,24250,17.56,0.35,N,4,1
26,56045,RENT,1.0,MEDICAL,D,24250,14.96,0.37,N,2,1
22,74000,RENT,7.0,DEBTCONSOLIDATION,D,24250,15.65,0.33,Y,2,1
24,65453,RENT,9.0,MEDICAL,D,24250,15.7,0.31,N,2,1
24,89908,RENT,1.0,VENTURE,B,24250,12.53,0.27,N,3,0
26,78000,RENT,0.0,HOMEIMPROVEMENT,E,24250,17.56,0.31,Y,3,1
23,100000,RENT,0.0,PERSONAL,C,24250,12.87,0.24,Y,2,0
23,103000,RENT,6.0,PERSONAL,D,24250,15.7,0.24,N,2,0
25,160000,MORTGAGE,2.0,EDUCATION,A,9000,,0.06,N,3,0
25,160000,OWN,5.0,VENTURE,B,15000,11.14,0.09,N,4,0
24,160000,MORTGAGE,3.0,VENTURE,D,20000,16.0,0.13,N,3,0
23,160000,MORTGAGE,2.0,EDUCATION,D,25000,15.65,0.16,Y,2,0
26,160000,MORTGAGE,0.0,DEBTCONSOLIDATION,C,13750,,0.09,N,4,0
21,160000,MORTGAGE,3.0,VENTURE,D,15250,15.31,0.1,Y,4,0
25,160000,MORTGAGE,3.0,VENTURE,C,20000,13.47,0.13,Y,2,0
22,16800,MORTGAGE,0.0,HOMEIMPROVEMENT,C,4750,13.85,0.28,Y,2,1
25,111996,RENT,9.0,PERSONAL,D,24250,,0.22,N,3,0
21,16800,MORTGAGE,0.0,VENTURE,B,6000,10.39,0.36,N,4,1
25,115200,RENT,0.0,HOMEIMPROVEMENT,B,24250,11.36,0.21,N,2,0
23,144000,RENT,0.0,EDUCATION,B,24250,11.83,0.17,N,3,0
23,287000,RENT,3.0,EDUCATION,B,24250,12.53,0.08,N,3,0
22,108000,RENT,1.0,HOMEIMPROVEMENT,D,24150,14.96,0.22,Y,3,1
22,43000,RENT,7.0,DEBTCONSOLIDATION,C,24000,13.85,0.56,Y,3,1
23,47004,RENT,1.0,VENTURE,B,24000,11.58,0.51,N,4,1
24,48000,RENT,4.0,VENTURE,D,24000,16.29,0.5,Y,2,1
26,48000,RENT,4.0,MEDICAL,A,24000,,0.5,N,3,1
21,44964,RENT,2.0,EDUCATION,D,24000,16.29,0.53,Y,2,1
25,52000,RENT,,PERSONAL,B,24000,10.74,0.46,N,2,1
22,17352,MORTGAGE,,EDUCATION,C,2250,15.27,0.13,Y,3,0
24,47000,RENT,3.0,PERSONAL,F,24000,17.8,0.51,N,2,1
22,17400,MORTGAGE,6.0,VENTURE,B,1000,11.36,0.06,N,2,0
22,49000,RENT,2.0,MEDICAL,E,24000,17.56,0.49,N,4,1
26,60000,RENT,0.0,PERSONAL,A,24000,7.9,0.4,N,4,1
25,60000,RENT,3.0,PERSONAL,B,24000,10.99,0.4,N,4,1
22,60000,RENT,0.0,PERSONAL,A,24000,7.29,0.4,N,3,1
21,60000,RENT,5.0,MEDICAL,B,24000,10.75,0.4,N,2,1
26,62004,RENT,9.0,DEBTCONSOLIDATION,A,24000,7.9,0.39,N,3,1
22,62400,RENT,3.0,EDUCATION,D,24000,14.84,0.38,N,2,1
26,65000,RENT,10.0,DEBTCONSOLIDATION,A,24000,,0.37,N,2,1
22,17760,MORTGAGE,6.0,EDUCATION,C,4975,,0.28,Y,3,1
23,59000,RENT,5.0,DEBTCONSOLIDATION,E,24000,19.69,0.41,Y,2,1
23,66000,RENT,6.0,VENTURE,A,24000,,0.36,N,4,1
24,60000,RENT,0.0,VENTURE,D,24000,14.96,0.4,N,4,1
25,66143,RENT,9.0,EDUCATION,A,24000,6.99,0.36,N,3,1
22,62250,RENT,3.0,PERSONAL,E,24000,16.45,0.39,Y,4,1
24,70000,RENT,8.0,EDUCATION,B,24000,10.99,0.34,N,4,1
23,74000,RENT,7.0,DEBTCONSOLIDATION,B,24000,10.99,0.32,N,2,1
22,18000,OWN,3.0,PERSONAL,A,3000,7.9,0.17,N,4,1
22,75000,RENT,6.0,EDUCATION,B,24000,12.69,0.32,N,4,1
24,75000,RENT,9.0,MEDICAL,B,24000,10.37,0.32,N,3,1
24,75000,RENT,7.0,HOMEIMPROVEMENT,C,24000,,0.32,N,3,1
26,69000,RENT,0.0,DEBTCONSOLIDATION,F,24000,15.83,0.35,N,3,1
23,78000,RENT,4.0,PERSONAL,C,24000,13.92,0.31,N,3,1
22,18000,OWN,,VENTURE,B,2000,11.49,0.11,N,3,0
24,80000,RENT,2.0,MEDICAL,B,24000,10.25,0.3,N,2,0
22,18000,OWN,1.0,HOMEIMPROVEMENT,A,3500,7.49,0.19,N,4,1
23,18000,OWN,3.0,EDUCATION,A,4000,5.99,0.22,N,2,1
23,74700,RENT,6.0,PERSONAL,D,24000,12.92,0.32,N,2,1
26,88596,RENT,3.0,PERSONAL,B,24000,11.58,0.27,N,3,0
25,95000,RENT,4.0,EDUCATION,A,24000,8.9,0.25,N,2,0
22,83000,RENT,6.0,DEBTCONSOLIDATION,E,24000,19.69,0.29,N,3,1
25,95000,RENT,9.0,VENTURE,A,24000,6.54,0.25,N,4,0
21,18000,OWN,3.0,HOMEIMPROVEMENT,D,4900,14.54,0.27,Y,4,1
21,18000,OWN,,EDUCATION,B,5000,11.11,0.28,N,2,1
26,100000,RENT,5.0,PERSONAL,C,24000,12.73,0.24,N,4,0
24,110000,RENT,7.0,VENTURE,D,24000,15.62,0.22,N,4,0
24,18000,OWN,0.0,HOMEIMPROVEMENT,A,6250,6.54,0.35,N,4,1
22,98000,RENT,7.0,DEBTCONSOLIDATION,F,24000,,0.24,Y,2,1
26,103872,RENT,6.0,DEBTCONSOLIDATION,G,24000,20.03,0.23,N,4,1
22,120000,RENT,4.0,EDUCATION,B,24000,9.91,0.2,N,4,0
24,120000,RENT,1.0,VENTURE,B,24000,12.69,0.2,N,4,0
26,108000,RENT,9.0,EDUCATION,G,24000,20.16,0.22,N,3,1
24,124080,RENT,4.0,PERSONAL,D,24000,16.49,0.19,Y,4,0
23,18000,MORTGAGE,1.0,MEDICAL,D,2500,15.95,0.14,N,2,1
24,130000,RENT,7.0,DEBTCONSOLIDATION,B,24000,11.49,0.18,N,3,0
25,135000,RENT,8.0,PERSONAL,B,24000,10.99,0.18,N,2,0
24,135000,RENT,4.0,HOMEIMPROVEMENT,C,24000,13.79,0.18,N,2,0
23,114750,RENT,2.0,MEDICAL,G,24000,20.03,0.18,Y,3,1
23,150000,RENT,0.0,EDUCATION,A,24000,7.49,0.16,N,4,0
23,138000,RENT,7.0,DEBTCONSOLIDATION,D,24000,16.0,0.17,Y,2,1
24,18000,OWN,6.0,PERSONAL,A,13000,7.88,0.72,N,3,1
21,18000,OWN,0.0,VENTURE,B,6250,10.62,0.35,N,4,1
26,155000,RENT,7.0,DEBTCONSOLIDATION,B,24000,10.99,0.15,N,4,0
26,148000,RENT,1.0,EDUCATION,F,24000,18.3,0.16,N,2,1
26,170000,RENT,3.0,DEBTCONSOLIDATION,C,24000,,0.14,Y,2,0
21,18000,OWN,1.0,PERSONAL,B,2500,11.36,0.14,N,3,0
24,43896,RENT,8.0,HOMEIMPROVEMENT,B,23975,,0.55,N,2,1
23,120000,RENT,4.0,MEDICAL,C,23750,13.47,0.2,N,2,0
24,54996,RENT,2.0,PERSONAL,B,23600,11.89,0.43,N,3,1
24,18000,MORTGAGE,0.0,DEBTCONSOLIDATION,B,10000,12.18,0.56,N,2,1
25,102000,RENT,9.0,DEBTCONSOLIDATION,C,23600,13.49,0.23,N,4,0
23,75000,RENT,3.0,PERSONAL,E,23575,14.5,0.31,N,4,1
22,18000,OWN,2.0,MEDICAL,C,4000,,0.22,N,2,1
22,18000,OWN,1.0,MEDICAL,D,5400,15.31,0.3,Y,2,1
25,18000,MORTGAGE,1.0,MEDICAL,B,4000,,0.22,N,3,1
21,18000,OWN,5.0,VENTURE,B,3375,,0.19,N,2,1
22,66960,RENT,1.0,VENTURE,A,23400,7.49,0.35,N,2,1
22,43385,RENT,7.0,PERSONAL,C,23000,,0.53,N,3,1
25,56544,RENT,3.0,EDUCATION,B,23000,,0.41,N,2,1
23,60000,RENT,2.0,VENTURE,B,23000,12.18,0.38,N,4,1
24,18000,MORTGAGE,3.0,VENTURE,C,1200,11.34,0.07,Y,4,0
25,63208,RENT,9.0,EDUCATION,B,23000,9.91,0.36,N,3,1
24,65000,RENT,0.0,HOMEIMPROVEMENT,B,23000,11.99,0.35,N,4,1
23,68000,RENT,7.0,EDUCATION,B,23000,9.62,0.34,N,2,1
22,18000,OWN,1.0,DEBTCONSOLIDATION,B,3000,9.96,0.17,N,3,1
25,80000,RENT,9.0,VENTURE,C,23000,,0.29,N,2,0
24,88000,RENT,1.0,VENTURE,D,23000,14.54,0.26,N,2,1
22,58600,RENT,5.0,MEDICAL,B,22750,11.36,0.39,N,4,1
23,70000,RENT,7.0,DEBTCONSOLIDATION,C,22500,14.27,0.32,N,2,1
24,18287,OWN,3.0,HOMEIMPROVEMENT,B,3000,11.99,0.16,N,3,1
26,69846,RENT,2.0,EDUCATION,F,22500,18.99,0.32,Y,2,1
24,73000,RENT,0.0,VENTURE,E,22400,16.7,0.31,Y,4,1
24,18500,MORTGAGE,8.0,PERSONAL,A,5000,9.32,0.27,N,3,1
23,35000,RENT,2.0,DEBTCONSOLIDATION,B,22250,12.69,0.64,N,3,1
25,43000,RENT,9.0,HOMEIMPROVEMENT,C,22000,13.11,0.51,N,2,1
25,52000,RENT,4.0,PERSONAL,B,22000,10.74,0.42,N,2,1
21,18701,MORTGAGE,0.0,PERSONAL,D,4200,14.11,0.22,Y,4,1
22,57000,RENT,6.0,EDUCATION,B,22000,9.63,0.39,N,3,1
25,58000,RENT,0.0,MEDICAL,C,22000,14.65,0.38,N,2,1
23,60000,RENT,6.0,DEBTCONSOLIDATION,B,22000,10.25,0.37,N,4,1
24,60000,RENT,3.0,VENTURE,C,22000,14.26,0.37,Y,2,1
25,18840,MORTGAGE,5.0,EDUCATION,B,3000,9.91,0.16,N,2,1
26,56000,RENT,7.0,MEDICAL,E,22000,17.19,0.39,N,3,1
22,70000,RENT,3.0,EDUCATION,B,22000,11.36,0.31,N,4,1
22,66000,RENT,1.0,EDUCATION,F,22000,,0.33,N,2,1
23,74064,RENT,3.0,DEBTCONSOLIDATION,B,22000,10.59,0.3,N,3,0
24,76597,RENT,5.0,EDUCATION,B,22000,9.25,0.29,N,2,0
22,19000,OWN,6.0,MEDICAL,A,3625,8.49,0.19,N,3,1
26,77000,RENT,0.0,VENTURE,A,22000,6.54,0.29,N,3,0
21,19000,OWN,5.0,MEDICAL,A,6000,8.49,0.32,N,3,1
24,80000,RENT,0.0,MEDICAL,A,22000,,0.28,N,4,0
26,82600,RENT,10.0,VENTURE,B,22000,12.69,0.27,N,2,0
24,19000,OWN,3.0,MEDICAL,C,7400,13.85,0.39,N,2,1
25,19000,OWN,3.0,DEBTCONSOLIDATION,A,4000,7.4,0.21,N,3,1
23,84000,RENT,3.0,DEBTCONSOLIDATION,B,22000,11.71,0.26,N,4,0
25,77650,RENT,8.0,PERSONAL,B,22000,11.48,0.28,N,3,1
25,82000,RENT,1.0,EDUCATION,E,22000,17.51,0.27,N,2,1
21,19012,MORTGAGE,0.0,DEBTCONSOLIDATION,D,3500,14.61,0.18,N,3,1
23,99996,RENT,3.0,DEBTCONSOLIDATION,A,22000,7.88,0.22,N,4,0
23,110000,RENT,0.0,PERSONAL,B,22000,,0.2,N,3,0
22,19200,MORTGAGE,6.0,PERSONAL,B,4950,11.71,0.26,N,2,1
25,57000,RENT,4.0,PERSONAL,B,21700,11.99,0.38,N,2,1
24,54000,RENT,5.0,VENTURE,C,21600,13.49,0.4,N,2,1
23,56000,RENT,8.0,MEDICAL,G,21600,21.21,0.39,Y,4,1
26,63000,RENT,2.0,DEBTCONSOLIDATION,C,21600,14.35,0.34,Y,3,1
22,82000,RENT,3.0,PERSONAL,C,21600,13.61,0.26,Y,3,0
22,78000,RENT,6.0,DEBTCONSOLIDATION,B,21600,11.26,0.28,N,3,1
22,19200,OWN,0.0,VENTURE,B,2400,10.59,0.13,N,3,0
24,112140,RENT,8.0,MEDICAL,A,21600,7.9,0.19,N,2,0
24,19200,MORTGAGE,,HOMEIMPROVEMENT,A,7000,5.99,0.36,N,4,1
25,19200,OWN,4.0,EDUCATION,B,3000,11.99,0.16,N,4,1
24,59000,RENT,5.0,MEDICAL,D,21500,16.89,0.36,N,3,1
24,70000,RENT,5.0,HOMEIMPROVEMENT,B,21500,9.99,0.31,N,3,1
24,116000,RENT,5.0,EDUCATION,D,21500,15.33,0.19,Y,3,0
25,60000,RENT,5.0,EDUCATION,A,21450,7.29,0.36,N,4,1
22,31000,RENT,5.0,DEBTCONSOLIDATION,B,21250,12.42,0.69,N,3,1
25,47052,RENT,5.0,VENTURE,B,21250,10.99,0.45,N,2,1
25,51060,RENT,9.0,VENTURE,A,21250,6.91,0.42,N,2,1
22,19200,MORTGAGE,6.0,DEBTCONSOLIDATION,C,5000,14.17,0.26,Y,2,1
22,53000,RENT,3.0,MEDICAL,B,21250,10.25,0.4,N,3,1
26,19200,OWN,0.0,EDUCATION,B,9250,,0.48,N,2,1
24,56000,RENT,8.0,VENTURE,D,21250,15.95,0.38,Y,3,1
24,65000,RENT,4.0,EDUCATION,D,21250,15.95,0.33,Y,4,1
21,35000,RENT,3.0,VENTURE,B,21000,12.53,0.6,N,4,1
22,19200,MORTGAGE,6.0,HOMEIMPROVEMENT,D,1400,14.91,0.07,Y,4,1
23,19200,MORTGAGE,7.0,MEDICAL,A,3000,,0.16,N,4,1
26,40000,RENT,3.0,MEDICAL,A,21000,6.54,0.53,N,4,1
25,19200,OWN,2.0,VENTURE,B,1000,,0.05,N,3,0
26,42000,RENT,0.0,MEDICAL,F,21000,17.26,0.5,Y,4,1
23,63000,RENT,2.0,MEDICAL,B,21000,11.36,0.33,N,2,1
26,19200,MORTGAGE,5.0,VENTURE,A,4000,7.51,0.21,N,4,1
22,59000,RENT,2.0,PERSONAL,B,21000,10.71,0.36,N,3,1
22,70500,RENT,3.0,PERSONAL,C,21000,13.98,0.3,Y,4,0
26,65219,RENT,11.0,DEBTCONSOLIDATION,D,21000,14.09,0.32,N,3,1
22,75000,RENT,2.0,EDUCATION,B,21000,10.0,0.28,N,3,0
22,19200,MORTGAGE,3.0,MEDICAL,D,5000,15.33,0.26,N,3,1
25,62047,RENT,9.0,MEDICAL,E,21000,16.32,0.29,Y,4,1
24,79000,RENT,8.0,HOMEIMPROVEMENT,A,21000,7.9,0.27,N,2,0
23,80000,RENT,3.0,MEDICAL,B,21000,11.99,0.26,N,3,0
24,84000,RENT,8.0,MEDICAL,B,21000,10.75,0.25,N,4,0
26,85000,RENT,3.0,HOMEIMPROVEMENT,C,21000,13.92,0.25,N,3,0
22,93000,RENT,1.0,EDUCATION,B,21000,9.91,0.23,N,3,0
26,81000,RENT,10.0,EDUCATION,E,21000,16.95,0.26,Y,3,1
26,97000,RENT,1.0,EDUCATION,A,21000,7.9,0.22,N,3,0
26,97000,RENT,3.0,EDUCATION,C,21000,,0.22,Y,3,0
25,100000,RENT,2.0,PERSONAL,D,21000,16.49,0.21,Y,3,1
26,19200,OTHER,0.0,PERSONAL,C,7500,11.97,0.39,Y,2,1
21,19253,MORTGAGE,,DEBTCONSOLIDATION,A,6250,6.17,0.32,N,3,1
26,125000,RENT,5.0,HOMEIMPROVEMENT,A,21000,8.9,0.17,N,2,0
25,125000,RENT,9.0,EDUCATION,C,21000,12.99,0.17,Y,3,0
23,82000,RENT,2.0,PERSONAL,B,20900,12.69,0.25,N,2,0
21,19500,MORTGAGE,0.0,EDUCATION,B,15000,9.64,0.77,N,2,1
26,50000,RENT,7.0,VENTURE,A,20500,7.49,0.41,N,3,1
23,70000,RENT,2.0,EDUCATION,C,20500,13.16,0.29,Y,3,0
22,19800,OWN,1.0,EDUCATION,A,2100,8.38,0.11,N,4,0
123,80004,RENT,2.0,EDUCATION,B,20400,10.25,0.25,N,3,0
23,54000,RENT,7.0,PERSONAL,A,20375,7.49,0.38,N,2,1
26,26000,RENT,10.0,EDUCATION,B,20050,9.76,0.77,N,2,1
24,33000,RENT,1.0,DEBTCONSOLIDATION,B,20000,10.99,0.61,N,3,1
23,20000,OWN,0.0,PERSONAL,B,5000,11.71,0.25,N,4,0
22,20000,OWN,6.0,PERSONAL,B,9250,10.65,0.46,N,4,0
24,35364,RENT,1.0,MEDICAL,B,20000,12.53,0.57,N,4,1
25,38000,RENT,4.0,MEDICAL,D,20000,14.59,0.53,N,4,1
23,32000,RENT,3.0,DEBTCONSOLIDATION,D,20000,12.61,0.63,N,4,1
25,38004,RENT,6.0,MEDICAL,C,20000,13.11,0.53,N,2,1
23,20000,MORTGAGE,2.0,MEDICAL,B,6400,10.65,0.32,N,4,0
25,38556,RENT,9.0,PERSONAL,C,20000,11.22,0.52,Y,4,1
23,32900,RENT,1.0,EDUCATION,D,20000,16.0,0.61,N,2,1
25,34000,RENT,10.0,HOMEIMPROVEMENT,B,20000,8.88,0.59,N,4,1
24,40000,RENT,4.0,PERSONAL,B,20000,12.53,0.5,N,3,1
21,36000,RENT,5.0,MEDICAL,D,20000,,0.56,Y,2,1
26,20000,MORTGAGE,5.0,MEDICAL,A,4800,5.99,0.24,N,3,0
25,42000,RENT,2.0,EDUCATION,C,20000,13.47,0.48,N,4,1
22,42224,RENT,7.0,VENTURE,A,20000,6.99,0.47,N,4,1
25,20000,OWN,0.0,PERSONAL,D,5650,15.99,0.28,Y,2,0
23,20000,MORTGAGE,7.0,EDUCATION,C,3625,,0.18,Y,3,0
22,37212,RENT,6.0,DEBTCONSOLIDATION,E,20000,16.69,0.54,N,3,1
25,38000,RENT,9.0,MEDICAL,B,20000,11.11,0.53,N,4,1
22,45000,RENT,0.0,EDUCATION,A,20000,7.9,0.44,N,4,1
23,45000,RENT,4.0,PERSONAL,B,20000,10.25,0.44,N,2,1
24,45000,RENT,8.0,MEDICAL,E,20000,,0.44,N,2,1
23,20000,OWN,7.0,MEDICAL,A,1200,7.49,0.06,N,3,0
22,45000,RENT,1.0,DEBTCONSOLIDATION,C,20000,13.92,0.44,Y,3,1
24,39000,RENT,5.0,MEDICAL,D,20000,14.74,0.51,N,2,1
24,46500,RENT,5.0,EDUCATION,B,20000,10.62,0.43,N,2,1
22,48000,RENT,7.0,VENTURE,B,20000,10.65,0.42,N,3,1
22,42000,RENT,1.0,PERSONAL,D,20000,12.99,0.48,N,3,1
22,48500,RENT,1.0,VENTURE,B,20000,11.36,0.41,N,4,1
22,20000,OWN,3.0,EDUCATION,A,7500,5.79,0.38,N,4,0
23,49400,RENT,0.0,EDUCATION,A,20000,6.54,0.4,N,4,1
25,20000,MORTGAGE,1.0,VENTURE,A,4000,5.79,0.2,N,2,0
25,50000,RENT,10.0,DEBTCONSOLIDATION,A,20000,7.49,0.4,N,3,1
25,50000,RENT,9.0,EDUCATION,C,20000,13.43,0.4,N,2,1
22,50000,RENT,6.0,DEBTCONSOLIDATION,C,20000,13.22,0.4,N,2,1
22,20000,OWN,1.0,VENTURE,C,5000,14.72,0.25,N,3,0
22,44000,RENT,2.0,EDUCATION,E,20000,15.68,0.45,N,4,1
24,50866,RENT,6.0,MEDICAL,B,20000,,0.39,N,3,1
25,50950,RENT,5.0,HOMEIMPROVEMENT,B,20000,11.48,0.39,N,3,1
24,51000,RENT,8.0,VENTURE,B,20000,10.38,0.39,N,3,1
22,51000,RENT,5.0,EDUCATION,B,20000,12.53,0.39,N,3,1
22,51000,RENT,0.0,EDUCATION,C,20000,13.47,0.39,N,2,1
24,51500,RENT,6.0,VENTURE,B,20000,12.21,0.39,N,4,1
25,51996,RENT,9.0,VENTURE,B,20000,10.99,0.38,N,3,1
25,52000,RENT,1.0,EDUCATION,B,20000,11.36,0.38,N,4,1
22,46000,RENT,2.0,DEBTCONSOLIDATION,D,20000,16.0,0.43,Y,4,1
26,20000,MORTGAGE,1.0,PERSONAL,A,1500,7.74,0.07,N,3,0
24,52000,RENT,8.0,EDUCATION,D,20000,15.65,0.38,Y,2,1
25,46000,RENT,9.0,DEBTCONSOLIDATION,C,20000,11.78,0.43,Y,2,1
24,52559,RENT,9.0,HOMEIMPROVEMENT,B,20000,,0.38,N,3,1
22,47000,RENT,5.0,MEDICAL,D,20000,16.77,0.43,N,3,1
22,54000,RENT,2.0,EDUCATION,B,20000,9.91,0.37,N,4,1
23,48000,RENT,7.0,MEDICAL,D,20000,15.65,0.42,N,4,1
23,48000,RENT,0.0,MEDICAL,D,20000,14.96,0.42,N,3,1
23,54000,RENT,1.0,VENTURE,B,20000,11.83,0.37,N,4,1
24,48912,RENT,0.0,MEDICAL,C,20000,11.66,0.41,N,4,1
26,54996,RENT,8.0,EDUCATION,B,20000,12.18,0.36,N,4,1
24,55000,RENT,8.0,HOMEIMPROVEMENT,A,20000,6.91,0.36,N,2,1
25,55000,RENT,3.0,DEBTCONSOLIDATION,A,20000,6.91,0.36,N,3,1
26,49000,RENT,0.0,HOMEIMPROVEMENT,F,20000,19.79,0.41,N,3,1
25,55000,RENT,0.0,VENTURE,B,20000,9.88,0.36,N,4,1
22,20000,MORTGAGE,0.0,PERSONAL,B,16600,9.76,0.83,N,3,0
23,55000,RENT,5.0,DEBTCONSOLIDATION,B,20000,12.53,0.36,N,2,1
25,55200,RENT,7.0,VENTURE,B,20000,,0.36,N,4,1
23,20004,MORTGAGE,6.0,PERSONAL,A,7125,6.99,0.36,N,2,0
23,57000,RENT,3.0,EDUCATION,D,20000,16.89,0.35,N,2,1
22,51012,RENT,1.0,PERSONAL,D,20000,17.49,0.39,Y,4,1
23,20004,MORTGAGE,2.0,EDUCATION,E,2500,16.82,0.12,Y,2,0
26,20004,MORTGAGE,4.0,HOMEIMPROVEMENT,B,3600,,0.18,N,2,0
22,58000,RENT,0.0,DEBTCONSOLIDATION,C,20000,13.11,0.34,N,2,1
23,58800,RENT,7.0,DEBTCONSOLIDATION,A,20000,7.66,0.34,N,3,1
26,59000,RENT,10.0,MEDICAL,A,20000,6.17,0.34,N,3,1
26,53000,RENT,1.0,PERSONAL,E,20000,16.35,0.38,Y,4,1
23,60000,RENT,7.0,MEDICAL,A,20000,7.9,0.33,N,2,1
24,54000,RENT,2.0,VENTURE,D,20000,16.49,0.37,N,2,1
21,20245,OWN,5.0,VENTURE,A,3550,,0.18,N,4,0
26,20280,MORTGAGE,5.0,HOMEIMPROVEMENT,A,7000,8.0,0.35,N,2,0
24,60000,RENT,0.0,PERSONAL,B,20000,10.99,0.33,N,2,1
24,20352,OWN,3.0,VENTURE,A,7750,6.91,0.38,N,3,0
25,54000,RENT,6.0,PERSONAL,B,20000,8.88,0.37,N,3,1
24,60000,RENT,8.0,VENTURE,A,20000,,0.33,N,4,1
23,54000,RENT,6.0,DEBTCONSOLIDATION,D,20000,14.84,0.37,Y,3,1
23,54000,RENT,2.0,PERSONAL,B,20000,11.12,0.37,N,2,1
22,60000,RENT,4.0,EDUCATION,A,20000,7.88,0.33,N,3,1
25,60000,RENT,2.0,EDUCATION,B,20000,,0.33,N,2,1
22,20400,MORTGAGE,6.0,EDUCATION,D,6000,15.99,0.29,Y,4,0
24,20400,MORTGAGE,5.0,DEBTCONSOLIDATION,B,5500,10.99,0.27,N,4,0
25,60000,RENT,9.0,EDUCATION,B,20000,,0.33,N,3,1
25,54000,RENT,1.0,PERSONAL,D,20000,15.65,0.37,Y,3,1
24,54000,RENT,1.0,PERSONAL,E,20000,17.04,0.37,Y,3,1
23,60000,RENT,3.0,EDUCATION,B,20000,12.21,0.33,N,2,1
21,20400,OWN,2.0,EDUCATION,C,1275,15.23,0.06,Y,3,0
25,54000,RENT,1.0,DEBTCONSOLIDATION,D,20000,14.11,0.37,N,4,1
24,60000,RENT,0.0,PERSONAL,B,20000,11.14,0.33,N,2,1
21,20400,OWN,5.0,MEDICAL,B,2400,11.49,0.12,N,4,0
24,60000,RENT,8.0,PERSONAL,D,20000,13.87,0.33,N,4,1
26,60000,RENT,3.0,HOMEIMPROVEMENT,B,20000,10.08,0.33,N,4,1
23,54504,RENT,1.0,PERSONAL,E,20000,16.7,0.37,Y,4,1
24,55000,RENT,2.0,VENTURE,E,20000,18.64,0.36,N,2,1
24,61000,RENT,2.0,HOMEIMPROVEMENT,B,20000,12.18,0.33,N,4,1
22,20400,OWN,0.0,DEBTCONSOLIDATION,D,3800,,0.19,Y,3,0
25,62000,RENT,3.0,MEDICAL,A,20000,6.54,0.32,N,3,1
24,56000,RENT,3.0,EDUCATION,D,20000,14.61,0.36,Y,4,1
21,56000,RENT,4.0,VENTURE,E,20000,17.39,0.36,Y,3,1
24,62400,RENT,8.0,HOMEIMPROVEMENT,B,20000,11.12,0.32,N,2,1
25,62400,RENT,7.0,VENTURE,B,20000,11.48,0.32,N,2,1
25,63000,RENT,3.0,MEDICAL,B,20000,12.42,0.32,N,3,1
26,58000,RENT,0.0,DEBTCONSOLIDATION,B,20000,10.25,0.34,N,2,1
23,65000,RENT,0.0,MEDICAL,B,20000,10.65,0.31,N,3,1
24,20800,OWN,0.0,PERSONAL,D,5000,16.29,0.24,Y,3,0
23,65000,RENT,0.0,MEDICAL,B,20000,10.37,0.31,N,2,1
23,65000,RENT,7.0,VENTURE,B,20000,11.49,0.31,N,3,1
24,20856,OWN,,VENTURE,B,10000,10.59,0.48,N,4,0
25,20868,OWN,0.0,VENTURE,C,5375,13.49,0.26,Y,2,0
26,59000,RENT,3.0,PERSONAL,C,20000,,0.34,N,4,1
23,59000,RENT,7.0,EDUCATION,C,20000,12.29,0.34,N,4,1
21,21000,MORTGAGE,5.0,DEBTCONSOLIDATION,D,3500,17.27,0.17,Y,2,1
26,65004,RENT,7.0,DEBTCONSOLIDATION,B,20000,11.99,0.31,N,2,1
25,59004,RENT,1.0,PERSONAL,D,20000,14.84,0.34,Y,2,1
23,59004,RENT,5.0,DEBTCONSOLIDATION,B,20000,10.83,0.34,N,2,1
23,65500,RENT,2.0,DEBTCONSOLIDATION,C,20000,13.22,0.31,N,2,1
22,66996,RENT,3.0,EDUCATION,B,20000,12.18,0.3,N,2,0
23,67000,RENT,0.0,MEDICAL,B,20000,11.11,0.3,N,2,0
24,67000,RENT,5.0,HOMEIMPROVEMENT,C,20000,13.48,0.3,Y,2,0
26,68000,RENT,10.0,EDUCATION,B,20000,10.75,0.29,N,4,0
25,68000,RENT,4.0,PERSONAL,C,20000,12.53,0.29,Y,4,0
24,62400,RENT,4.0,DEBTCONSOLIDATION,D,20000,14.84,0.32,N,4,1
23,69500,RENT,3.0,VENTURE,E,20000,17.74,0.29,Y,2,0
25,70000,RENT,5.0,HOMEIMPROVEMENT,B,20000,9.99,0.29,N,2,0
22,70000,RENT,2.0,PERSONAL,A,20000,6.91,0.29,N,4,0
25,64000,RENT,0.0,HOMEIMPROVEMENT,E,20000,,0.31,N,4,1
25,71004,RENT,9.0,PERSONAL,D,20000,14.09,0.28,N,2,0
22,21000,MORTGAGE,4.0,DEBTCONSOLIDATION,B,3000,11.49,0.14,N,3,0
23,71004,RENT,8.0,EDUCATION,D,20000,14.09,0.28,N,3,0
23,55392,RENT,3.0,MEDICAL,D,20000,15.2,0.31,Y,4,1
24,72000,RENT,5.0,MEDICAL,B,20000,11.83,0.28,N,2,0
24,21000,OTHER,4.0,PERSONAL,B,6000,12.21,0.29,N,2,0
23,66000,RENT,1.0,VENTURE,D,20000,14.11,0.3,N,3,1
22,66000,RENT,3.0,DEBTCONSOLIDATION,D,20000,14.42,0.3,N,2,1
24,72000,RENT,4.0,HOMEIMPROVEMENT,D,20000,14.74,0.28,Y,3,0
24,74000,RENT,0.0,HOMEIMPROVEMENT,B,20000,12.69,0.27,N,3,0
22,21120,MORTGAGE,3.0,DEBTCONSOLIDATION,D,1625,16.89,0.08,Y,3,1
25,75000,RENT,8.0,DEBTCONSOLIDATION,B,20000,,0.27,N,4,0
21,21216,MORTGAGE,5.0,HOMEIMPROVEMENT,D,4500,,0.21,Y,2,1
25,21221,MORTGAGE,4.0,VENTURE,B,8500,9.63,0.4,N,4,0
24,75000,RENT,4.0,HOMEIMPROVEMENT,B,20000,8.88,0.27,N,3,0
26,75000,RENT,5.0,MEDICAL,A,20000,6.91,0.27,N,4,0
26,75000,RENT,3.0,EDUCATION,A,20000,,0.27,N,3,0
25,75000,RENT,0.0,PERSONAL,B,20000,10.38,0.27,N,3,0
22,69000,RENT,6.0,DEBTCONSOLIDATION,B,20000,10.99,0.29,N,4,1
22,75000,RENT,2.0,VENTURE,C,20000,,0.27,N,2,0
21,21600,MORTGAGE,6.0,PERSONAL,A,7575,,0.35,N,3,0
26,21600,OWN,5.0,EDUCATION,B,5200,12.42,0.24,N,3,0
24,69000,RENT,0.0,HOMEIMPROVEMENT,E,20000,14.82,0.29,N,4,1
23,75600,RENT,3.0,PERSONAL,E,20000,16.32,0.26,Y,3,0
23,59497,RENT,0.0,MEDICAL,E,20000,16.0,0.29,N,3,1
23,76000,RENT,7.0,MEDICAL,B,20000,10.37,0.26,N,3,0
26,70000,RENT,7.0,DEBTCONSOLIDATION,C,20000,13.16,0.29,N,3,1
24,70000,RENT,8.0,VENTURE,E,20000,14.88,0.29,N,4,1
22,77004,RENT,6.0,DEBTCONSOLIDATION,C,20000,13.98,0.26,N,4,0
26,71004,RENT,0.0,HOMEIMPROVEMENT,D,20000,13.36,0.28,Y,2,1
21,21600,OWN,,VENTURE,A,7125,6.99,0.33,N,3,0
22,21600,MORTGAGE,,EDUCATION,A,4025,5.42,0.19,N,4,0
24,21600,MORTGAGE,8.0,MEDICAL,A,8000,5.42,0.37,N,2,0
26,78000,RENT,8.0,HOMEIMPROVEMENT,C,20000,13.85,0.26,Y,4,0
22,21600,MORTGAGE,,PERSONAL,C,4000,12.99,0.19,N,2,0
26,21600,OWN,,MEDICAL,B,4200,9.99,0.19,N,3,0
22,21600,MORTGAGE,6.0,VENTURE,C,1400,,0.06,N,2,0
123,78000,RENT,7.0,VENTURE,B,20000,,0.26,N,4,0
23,61200,RENT,4.0,MEDICAL,B,20000,11.14,0.28,N,2,1
21,21600,MORTGAGE,2.0,DEBTCONSOLIDATION,A,3800,5.99,0.18,N,2,0
24,72000,RENT,6.0,DEBTCONSOLIDATION,D,20000,,0.28,Y,4,1
23,78000,RENT,3.0,VENTURE,B,20000,11.58,0.26,N,3,0
23,78500,RENT,7.0,MEDICAL,C,20000,13.85,0.25,Y,4,0
23,79000,RENT,5.0,EDUCATION,D,20000,16.89,0.25,Y,4,0
23,80000,RENT,4.0,MEDICAL,A,20000,7.9,0.25,N,4,0
23,21600,OWN,2.0,VENTURE,C,6000,12.68,0.28,N,4,0
22,62900,RENT,6.0,MEDICAL,D,20000,14.91,0.27,N,4,1
24,80000,RENT,3.0,VENTURE,C,20000,13.06,0.25,N,4,0
25,80000,RENT,7.0,EDUCATION,B,20000,8.88,0.25,N,4,0
23,21600,MORTGAGE,7.0,EDUCATION,A,2000,6.17,0.09,N,4,0
22,80000,RENT,3.0,EDUCATION,C,20000,13.98,0.25,Y,4,0
22,21600,OWN,3.0,VENTURE,A,8500,6.54,0.39,N,4,0
26,62900,RENT,2.0,MEDICAL,C,20000,13.85,0.27,N,3,1
26,21600,MORTGAGE,0.0,HOMEIMPROVEMENT,B,1000,10.36,0.05,N,3,0
25,74004,RENT,2.0,PERSONAL,E,20000,15.95,0.27,Y,4,1
25,80004,RENT,9.0,HOMEIMPROVEMENT,C,20000,14.26,0.25,Y,4,0
23,80700,RENT,7.0,MEDICAL,B,20000,11.71,0.25,N,2,0
22,81000,RENT,3.0,DEBTCONSOLIDATION,C,20000,13.49,0.25,N,4,0
24,21600,MORTGAGE,0.0,DEBTCONSOLIDATION,D,2000,14.84,0.09,N,2,1
22,82000,RENT,6.0,EDUCATION,C,20000,,0.24,Y,2,0
23,76042,RENT,6.0,HOMEIMPROVEMENT,D,20000,15.05,0.26,Y,4,1
22,76654,RENT,2.0,EDUCATION,C,20000,13.79,0.26,Y,4,1
24,83500,RENT,1.0,EDUCATION,C,20000,13.48,0.24,N,3,0
26,21600,OWN,,VENTURE,A,3000,6.76,0.14,N,2,0
23,84000,RENT,7.0,PERSONAL,B,20000,11.11,0.24,N,4,0
25,84000,RENT,9.0,EDUCATION,C,20000,13.92,0.24,N,2,0
23,21600,OWN,0.0,EDUCATION,B,4400,12.53,0.2,N,2,0
21,21600,MORTGAGE,2.0,DEBTCONSOLIDATION,B,10000,11.14,0.46,N,2,0
24,78996,RENT,2.0,HOMEIMPROVEMENT,D,20000,14.11,0.25,N,2,1
23,85000,RENT,0.0,MEDICAL,A,20000,7.49,0.24,N,2,0
25,85000,RENT,3.0,DEBTCONSOLIDATION,B,20000,10.25,0.24,N,3,0
26,73000,RENT,3.0,PERSONAL,B,20000,12.53,0.27,N,2,1
21,21816,MORTGAGE,2.0,PERSONAL,B,1500,11.86,0.07,N,3,0
23,21840,OWN,1.0,VENTURE,A,9000,7.88,0.41,N,3,0
25,85000,RENT,4.0,HOMEIMPROVEMENT,B,20000,,0.24,N,2,0
24,21948,MORTGAGE,2.0,VENTURE,D,4000,,0.18,N,2,0
22,87000,RENT,5.0,DEBTCONSOLIDATION,C,20000,13.85,0.23,N,4,0
23,21996,OWN,4.0,PERSONAL,C,6000,13.23,0.27,N,4,0
22,90000,RENT,5.0,PERSONAL,B,20000,,0.22,N,4,0
23,78000,RENT,0.0,HOMEIMPROVEMENT,F,20000,18.25,0.26,Y,2,1
24,90000,RENT,9.0,DEBTCONSOLIDATION,A,20000,6.54,0.22,N,3,0
23,90000,RENT,2.0,MEDICAL,B,20000,11.49,0.22,N,4,0
26,90000,RENT,10.0,MEDICAL,B,20000,11.49,0.22,N,3,0
22,22000,MORTGAGE,6.0,EDUCATION,B,7000,11.71,0.32,N,2,0
23,90000,RENT,0.0,DEBTCONSOLIDATION,C,20000,13.57,0.22,N,4,0
25,91229,RENT,2.0,EDUCATION,C,20000,14.35,0.22,N,3,0
26,22000,MORTGAGE,3.0,DEBTCONSOLIDATION,B,3825,10.65,0.17,N,4,0
22,92000,RENT,6.0,VENTURE,F,20000,15.65,0.22,Y,2,0
22,22000,MORTGAGE,3.0,VENTURE,A,6500,,0.3,N,4,0
25,22000,MORTGAGE,9.0,EDUCATION,A,5875,6.62,0.27,N,2,1
25,92407,RENT,9.0,MEDICAL,B,20000,9.25,0.22,N,2,0
22,22000,MORTGAGE,0.0,MEDICAL,B,2400,11.71,0.11,N,3,0
24,22000,MORTGAGE,8.0,PERSONAL,A,8000,5.42,0.36,N,4,0
26,93492,RENT,0.0,DEBTCONSOLIDATION,B,20000,9.45,0.21,N,4,0
23,22000,MORTGAGE,5.0,DEBTCONSOLIDATION,A,1550,7.49,0.07,N,2,1
22,94500,RENT,2.0,PERSONAL,B,20000,,0.21,N,2,0
23,83000,RENT,7.0,DEBTCONSOLIDATION,C,20000,,0.24,N,2,1
23,95000,RENT,2.0,EDUCATION,B,20000,10.99,0.21,N,2,0
24,95000,RENT,4.0,HOMEIMPROVEMENT,D,20000,,0.21,Y,3,0
21,22000,OWN,5.0,VENTURE,A,7350,7.66,0.33,N,2,0
23,96000,RENT,1.0,MEDICAL,C,20000,13.04,0.21,N,3,0
22,22000,MORTGAGE,6.0,PERSONAL,A,7200,7.14,0.33,N,2,0
22,85200,RENT,6.0,VENTURE,D,20000,15.65,0.23,Y,4,1
22,98000,RENT,2.0,EDUCATION,B,20000,11.83,0.2,N,4,0
24,22000,OWN,1.0,DEBTCONSOLIDATION,D,3000,16.0,0.14,Y,2,0
23,99000,RENT,7.0,EDUCATION,D,20000,15.28,0.2,N,4,0
21,22000,OWN,2.0,DEBTCONSOLIDATION,D,4000,15.05,0.18,N,4,0
22,22000,OWN,1.0,DEBTCONSOLIDATION,D,8500,15.05,0.39,N,4,0
24,99996,RENT,0.0,HOMEIMPROVEMENT,C,20000,14.22,0.2,Y,3,0
25,87996,RENT,0.0,HOMEIMPROVEMENT,E,20000,16.35,0.23,N,3,1
26,22000,OWN,6.0,VENTURE,B,7500,10.96,0.34,N,2,0
25,100000,RENT,9.0,HOMEIMPROVEMENT,C,20000,13.06,0.2,N,2,0
25,100000,RENT,9.0,HOMEIMPROVEMENT,C,20000,13.06,0.2,Y,2,0
25,22000,OWN,0.0,VENTURE,E,7500,,0.34,Y,3,0
23,22080,MORTGAGE,3.0,EDUCATION,A,6700,,0.3,N,4,0
22,74800,RENT,3.0,MEDICAL,D,20000,14.96,0.23,Y,4,1
23,74800,RENT,1.0,MEDICAL,E,20000,17.04,0.23,Y,2,1
22,100000,RENT,0.0,PERSONAL,B,20000,12.21,0.2,N,3,0
25,22260,MORTGAGE,9.0,PERSONAL,A,6400,7.88,0.29,N,4,0
26,22296,OWN,,PERSONAL,A,5400,5.42,0.24,N,3,0
26,104000,RENT,0.0,DEBTCONSOLIDATION,B,20000,10.74,0.19,N,2,0
23,93000,RENT,6.0,PERSONAL,C,20000,13.22,0.22,N,3,1
23,95000,RENT,0.0,DEBTCONSOLIDATION,D,20000,14.59,0.21,Y,2,1
25,108000,RENT,0.0,HOMEIMPROVEMENT,C,20000,,0.19,N,4,0
25,96901,RENT,3.0,PERSONAL,C,20000,,0.21,N,3,1
23,110000,RENT,3.0,EDUCATION,B,20000,12.42,0.18,N,3,0
22,110000,RENT,7.0,EDUCATION,C,20000,14.17,0.18,N,3,0
22,110000,RENT,6.0,DEBTCONSOLIDATION,C,20000,13.72,0.18,N,3,0
24,110000,RENT,1.0,PERSONAL,B,20000,10.38,0.18,N,4,0
23,110000,RENT,2.0,VENTURE,B,20000,,0.18,N,2,0
22,22800,MORTGAGE,5.0,PERSONAL,A,2000,7.51,0.09,N,3,0
22,22800,MORTGAGE,0.0,HOMEIMPROVEMENT,B,7125,11.71,0.31,N,3,1
23,22800,MORTGAGE,2.0,PERSONAL,A,3000,8.9,0.13,N,2,1
25,85000,RENT,7.0,MEDICAL,E,20000,17.39,0.2,N,2,1
23,22800,MORTGAGE,3.0,PERSONAL,A,4800,5.79,0.21,N,2,0
22,22800,MORTGAGE,,PERSONAL,C,8300,12.61,0.36,Y,2,1
23,120000,RENT,4.0,MEDICAL,B,20000,10.37,0.17,N,4,0
24,22800,OWN,3.0,HOMEIMPROVEMENT,B,4750,11.36,0.21,N,3,0
24,121000,RENT,8.0,VENTURE,A,20000,8.9,0.17,N,3,0
23,125000,RENT,7.0,VENTURE,B,20000,11.11,0.16,N,4,0
22,22800,MORTGAGE,0.0,EDUCATION,A,3000,8.94,0.13,N,2,0
25,130000,RENT,0.0,PERSONAL,C,20000,15.27,0.15,N,2,0
26,130000,RENT,10.0,DEBTCONSOLIDATION,C,20000,13.11,0.15,Y,4,0
23,22884,MORTGAGE,4.0,EDUCATION,E,6000,16.0,0.26,N,2,0
24,133000,RENT,3.0,EDUCATION,D,20000,12.36,0.15,Y,2,0
22,23000,MORTGAGE,5.0,DEBTCONSOLIDATION,A,10625,7.51,0.46,N,4,0
21,23000,MORTGAGE,2.0,MEDICAL,A,7000,8.9,0.3,N,3,0
25,140000,RENT,9.0,EDUCATION,A,20000,6.54,0.14,N,4,0
24,138000,RENT,2.0,VENTURE,D,20000,15.99,0.14,Y,3,1
23,23000,MORTGAGE,7.0,HOMEIMPROVEMENT,D,3600,17.27,0.16,Y,3,1
26,148000,RENT,1.0,DEBTCONSOLIDATION,E,20000,17.99,0.14,N,3,1
22,160000,RENT,6.0,PERSONAL,A,20000,7.49,0.13,N,4,0
22,23000,MORTGAGE,2.0,DEBTCONSOLIDATION,B,4800,10.0,0.21,N,4,0
26,160000,RENT,3.0,HOMEIMPROVEMENT,B,20000,9.99,0.13,N,3,0
26,168000,RENT,1.0,VENTURE,B,20000,11.36,0.12,N,4,0
26,172500,RENT,3.0,HOMEIMPROVEMENT,B,20000,11.83,0.12,N,2,0
21,23000,MORTGAGE,6.0,DEBTCONSOLIDATION,C,3000,13.35,0.13,N,3,0
25,175000,RENT,3.0,DEBTCONSOLIDATION,C,20000,14.72,0.11,Y,2,0
25,23000,MORTGAGE,,HOMEIMPROVEMENT,A,4400,6.76,0.19,N,2,0
25,58000,RENT,9.0,MEDICAL,B,19900,11.83,0.34,N,4,1
26,116000,RENT,10.0,MEDICAL,B,19800,11.48,0.17,N,4,0
26,19500,RENT,0.0,MEDICAL,C,500,11.41,0.03,N,2,0
25,23000,MORTGAGE,4.0,PERSONAL,C,10000,,0.43,Y,2,1
21,19000,RENT,0.0,EDUCATION,C,700,12.29,0.04,N,2,0
22,23000,MORTGAGE,4.0,EDUCATION,D,7000,14.96,0.3,Y,3,0
25,19000,RENT,0.0,DEBTCONSOLIDATION,C,750,12.29,0.04,Y,4,0
23,10000,RENT,,PERSONAL,B,1000,10.37,0.1,N,2,1
22,10000,RENT,0.0,HOMEIMPROVEMENT,D,1000,14.74,0.1,N,4,1
21,10140,RENT,,HOMEIMPROVEMENT,C,1000,13.43,0.1,N,4,1
22,23000,MORTGAGE,1.0,EDUCATION,A,2400,9.63,0.1,N,4,0
21,23000,OTHER,0.0,EDUCATION,B,2400,12.21,0.1,N,4,0
23,10500,RENT,,MEDICAL,B,1000,10.25,0.1,N,2,1
22,11220,RENT,,MEDICAL,C,1000,12.99,0.09,N,4,0
22,11760,RENT,0.0,VENTURE,C,1000,13.98,0.09,N,4,0
23,11820,RENT,,DEBTCONSOLIDATION,C,1000,14.65,0.08,N,3,0
25,12000,RENT,0.0,EDUCATION,B,1000,10.65,0.08,N,2,0
21,12000,RENT,1.0,EDUCATION,C,1000,13.98,0.08,N,2,0
22,12000,RENT,0.0,PERSONAL,C,1000,13.57,0.08,N,3,1
22,12240,RENT,1.0,PERSONAL,D,1000,14.96,0.08,Y,3,1
24,13728,RENT,,DEBTCONSOLIDATION,B,1000,10.0,0.07,N,4,1
21,14400,RENT,1.0,VENTURE,D,1000,16.29,0.07,N,4,1
23,23040,OWN,0.0,VENTURE,B,2000,11.11,0.09,N,3,0
21,23040,OWN,1.0,VENTURE,D,5000,,0.22,N,3,0
22,14400,RENT,2.0,VENTURE,E,1000,16.69,0.07,Y,3,1
21,23040,OWN,0.0,EDUCATION,A,15000,8.94,0.65,N,2,0
22,15000,RENT,0.0,MEDICAL,D,1000,14.3,0.07,Y,3,1
21,16000,RENT,2.0,VENTURE,D,1000,15.65,0.06,Y,3,1
24,16800,RENT,,VENTURE,B,1000,11.49,0.06,N,3,0
22,16800,RENT,2.0,EDUCATION,C,1000,13.48,0.06,Y,4,0
24,19200,RENT,2.0,EDUCATION,B,1000,12.53,0.05,N,4,0
23,39600,RENT,5.0,EDUCATION,B,19000,10.62,0.48,N,2,1
22,39900,RENT,4.0,VENTURE,B,19000,12.18,0.48,N,3,1
25,47000,RENT,4.0,MEDICAL,B,19000,11.99,0.4,N,2,1
25,50000,RENT,2.0,HOMEIMPROVEMENT,B,19000,10.99,0.38,N,4,1
25,52000,RENT,5.0,MEDICAL,B,19000,,0.37,N,4,1
24,23500,MORTGAGE,2.0,DEBTCONSOLIDATION,B,7000,10.38,0.3,N,3,0
26,47500,RENT,10.0,PERSONAL,E,19000,16.7,0.4,Y,4,1
25,54000,RENT,8.0,DEBTCONSOLIDATION,C,19000,,0.35,Y,4,1
22,54000,RENT,6.0,VENTURE,A,19000,,0.35,N,4,1
23,54586,RENT,5.0,PERSONAL,B,19000,11.14,0.35,N,2,1
26,62004,RENT,5.0,MEDICAL,A,19000,7.49,0.31,N,2,1
22,70000,RENT,1.0,MEDICAL,B,19000,8.88,0.27,N,4,0
23,72000,RENT,3.0,MEDICAL,B,19000,10.99,0.26,N,4,0
24,73000,RENT,8.0,HOMEIMPROVEMENT,B,19000,10.62,0.26,N,3,0
23,78000,RENT,2.0,VENTURE,A,19000,8.9,0.24,N,2,0
25,23920,MORTGAGE,0.0,MEDICAL,D,6000,14.59,0.25,Y,2,1
22,23964,OWN,,VENTURE,B,2500,9.91,0.1,N,2,0
26,96000,RENT,6.0,PERSONAL,C,19000,13.22,0.2,Y,2,0
24,105000,RENT,2.0,HOMEIMPROVEMENT,C,19000,12.29,0.18,Y,2,0
24,175000,RENT,1.0,PERSONAL,B,19000,11.48,0.11,N,3,0
26,50000,RENT,10.0,PERSONAL,B,18950,,0.38,N,3,1
26,55000,RENT,7.0,DEBTCONSOLIDATION,A,18800,6.99,0.34,N,2,1
22,70000,RENT,2.0,DEBTCONSOLIDATION,B,18750,10.38,0.27,N,2,0
22,36500,RENT,0.0,VENTURE,A,18725,6.54,0.51,N,3,1
22,43000,RENT,4.0,DEBTCONSOLIDATION,B,18550,11.83,0.43,N,4,1
24,24000,OWN,0.0,VENTURE,B,7100,12.42,0.3,N,3,0
24,34300,RENT,4.0,MEDICAL,B,18500,10.71,0.54,N,2,1
21,36000,RENT,3.0,EDUCATION,C,18500,10.91,0.51,N,3,1
22,38000,RENT,2.0,MEDICAL,A,18500,7.66,0.49,N,4,1
25,55784,RENT,2.0,DEBTCONSOLIDATION,C,18500,13.61,0.33,N,3,1
23,74196,RENT,2.0,EDUCATION,B,18500,11.26,0.25,N,3,0
25,75000,RENT,0.0,EDUCATION,A,18500,7.49,0.25,N,3,0
24,73000,RENT,0.0,HOMEIMPROVEMENT,A,18500,7.9,0.25,N,2,1
22,24000,OWN,5.0,MEDICAL,B,8000,9.91,0.33,N,2,0
21,24000,MORTGAGE,0.0,VENTURE,A,3000,7.9,0.13,N,4,0
24,78000,RENT,1.0,VENTURE,F,18500,15.33,0.24,N,2,1
26,145000,RENT,3.0,EDUCATION,C,18500,12.87,0.13,Y,3,0
22,24000,MORTGAGE,5.0,EDUCATION,A,5000,7.9,0.21,N,2,0
22,48888,RENT,1.0,PERSONAL,C,18400,13.16,0.38,N,2,1
22,50000,RENT,2.0,DEBTCONSOLIDATION,B,18400,9.99,0.37,N,2,1
23,120000,RENT,7.0,PERSONAL,A,18400,8.9,0.15,N,2,0
22,24000,MORTGAGE,1.0,VENTURE,C,5000,14.65,0.21,N,4,1
25,24000,MORTGAGE,0.0,DEBTCONSOLIDATION,C,6000,13.49,0.25,Y,3,0
22,34000,RENT,0.0,VENTURE,B,18250,10.25,0.54,N,3,1
24,35004,RENT,3.0,PERSONAL,B,18250,11.49,0.52,N,4,1
25,34500,RENT,1.0,VENTURE,E,18250,17.04,0.53,N,3,1
23,42504,RENT,0.0,MEDICAL,B,18250,10.25,0.43,N,3,1
22,24000,MORTGAGE,4.0,VENTURE,A,1300,5.42,0.05,N,3,0
22,36996,RENT,2.0,PERSONAL,D,18250,14.61,0.49,Y,2,1
24,45600,RENT,2.0,VENTURE,C,18250,13.35,0.4,N,4,1
25,24000,MORTGAGE,,DEBTCONSOLIDATION,A,5800,5.99,0.24,N,3,0
23,46000,RENT,6.0,PERSONAL,B,18250,10.75,0.4,N,2,1
25,46000,RENT,8.0,DEBTCONSOLIDATION,C,18250,14.26,0.4,N,3,1
25,55044,RENT,4.0,VENTURE,E,18250,17.56,0.33,N,2,1
25,49200,RENT,,VENTURE,D,18250,14.83,0.37,N,3,1
22,50000,RENT,6.0,DEBTCONSOLIDATION,E,18250,16.7,0.36,Y,3,1
23,50000,RENT,4.0,VENTURE,B,18225,10.74,0.36,N,2,1
26,44000,RENT,0.0,HOMEIMPROVEMENT,D,18225,14.91,0.41,N,4,1
24,36000,RENT,4.0,VENTURE,B,18200,8.88,0.51,N,4,1
25,36400,RENT,2.0,PERSONAL,B,18200,9.91,0.5,N,4,1
22,36000,RENT,6.0,DEBTCONSOLIDATION,B,18200,11.71,0.51,N,3,1
24,55000,RENT,4.0,EDUCATION,B,18200,10.99,0.33,N,2,1
23,27000,RENT,2.0,VENTURE,C,18000,11.54,0.67,Y,4,1
23,24000,OWN,2.0,EDUCATION,D,8000,15.62,0.33,N,2,0
23,33000,RENT,4.0,VENTURE,B,18000,9.91,0.55,N,4,1
21,36000,RENT,,PERSONAL,B,18000,9.88,0.5,N,3,1
21,30720,RENT,5.0,EDUCATION,C,18000,13.48,0.59,Y,4,1
23,39996,RENT,2.0,EDUCATION,B,18000,9.25,0.45,N,4,1
25,40000,RENT,2.0,MEDICAL,C,18000,13.11,0.45,Y,3,1
22,24000,MORTGAGE,2.0,DEBTCONSOLIDATION,B,5000,10.99,0.21,N,4,0
25,42000,RENT,3.0,VENTURE,A,18000,6.17,0.43,N,2,1
24,24000,MORTGAGE,3.0,MEDICAL,A,8000,5.99,0.33,N,4,0
24,24000,OWN,1.0,EDUCATION,A,2400,7.49,0.1,N,2,0
24,42765,RENT,9.0,DEBTCONSOLIDATION,C,18000,11.03,0.42,Y,2,1
24,43000,RENT,9.0,MEDICAL,A,18000,7.9,0.42,N,2,1
22,44000,RENT,7.0,EDUCATION,C,18000,13.57,0.41,Y,4,1
24,44000,RENT,6.0,VENTURE,B,18000,12.18,0.41,N,2,1
25,39000,RENT,3.0,MEDICAL,E,18000,17.19,0.46,N,3,1
22,46800,RENT,6.0,MEDICAL,C,18000,15.23,0.38,Y,2,1
22,48000,RENT,5.0,EDUCATION,B,18000,,0.38,N,2,1
24,42000,RENT,8.0,HOMEIMPROVEMENT,D,18000,14.46,0.43,Y,3,1
24,24000,OWN,5.0,VENTURE,A,4200,6.99,0.17,N,3,0
24,43400,RENT,2.0,DEBTCONSOLIDATION,E,18000,16.63,0.41,Y,2,1
24,50000,RENT,1.0,MEDICAL,B,18000,12.42,0.36,N,4,1
24,50000,RENT,4.0,VENTURE,A,18000,7.9,0.36,N,4,1
23,24000,MORTGAGE,2.0,MEDICAL,D,5000,15.99,0.21,Y,2,1
23,24000,OWN,,PERSONAL,B,4200,10.99,0.17,N,4,0
26,50000,RENT,5.0,EDUCATION,C,18000,13.11,0.36,N,3,1
22,50000,RENT,6.0,VENTURE,C,18000,13.79,0.36,N,2,1
22,24000,OWN,3.0,EDUCATION,B,2500,10.59,0.1,N,2,0
22,52000,RENT,6.0,EDUCATION,C,18000,,0.35,N,4,1
22,24000,OWN,1.0,MEDICAL,C,6000,12.68,0.25,Y,4,0
25,52000,RENT,2.0,VENTURE,C,18000,12.98,0.35,N,4,1
22,52000,RENT,1.0,VENTURE,C,18000,13.85,0.35,Y,4,1
25,52526,RENT,9.0,VENTURE,B,18000,12.21,0.34,N,2,1
22,46610,RENT,6.0,DEBTCONSOLIDATION,B,18000,10.71,0.39,N,3,1
24,48000,RENT,5.0,PERSONAL,A,18000,6.54,0.38,N,2,1
23,24000,OWN,0.0,PERSONAL,A,8000,5.79,0.33,N,3,0
25,55000,RENT,2.0,EDUCATION,C,18000,12.84,0.33,N,2,1
25,55344,RENT,2.0,HOMEIMPROVEMENT,B,18000,10.99,0.33,N,4,1
